ngram,count,probability
thank you,3194,0.16451264095566653
you can,3078,0.058757299339719855
if you,2942,0.12480916030534352
you know,2503,0.047784435708560745
i can,2456,0.059583858764186634
have a,2391,0.08787333308842438
you have,2094,0.03997939009961452
for you,1865,0.062224889955982396
do you,1854,0.0776215582893966
and then,1846,0.04658259773013872
for the,1840,0.061391223155929035
in the,1816,0.07189206298963362
of the,1728,0.06471777212157509
on the,1710,0.07543093947008774
let me,1680,0.09232712692920306
we have,1637,0.06187669990933817
we can,1597,0.06036566938652161
can i,1572,0.05852152237806466
have to,1525,0.05605965982146137
i have,1524,0.03698224852071006
that you,1513,0.04233662369620536
need to,1481,0.07797537619699042
will be,1473,0.06796698482962144
would be,1425,0.06784660766961652
to the,1403,0.03457702253417067
i think,1371,0.03327189834125521
so i,1361,0.04270261796519831
to be,1277,0.031473956409309195
want to,1271,0.06916050456720313
and i,1198,0.030239596469104665
as well,1173,0.05768191421412077
and the,1165,0.02940731399747793
we do,1141,0.04313992142641281
it is,1120,0.03820071562446754
with the,1116,0.05073813309107427
so you,1099,0.034488164289073524
i will,1077,0.026142205839557668
all right,1066,0.05181623931623932
help you,1050,0.05830143673378821
able to,1043,0.060514722930674704
at the,1036,0.05032026397515528
is there,1021,0.03564453125
okay so,1010,0.03439711486118672
um i,1006,0.029947955390334572
i just,1001,0.024299156077214085
like to,994,0.04424778761061947
and you,959,0.02421185372005044
i don't,939,0.022795615481618004
can you,928,0.0345622977045277
would you,904,0.04305833095442002
is that,889,0.031040736607142856
um so,887,0.026408921933085503
of course,885,0.03316364725258272
that is,882,0.02469170325214619
you are,880,0.016812335407045534
you want,872,0.016659669478264187
this is,868,0.04183314879892168
if i,843,0.0357930449533503
i need,841,0.020419051314385487
you will,837,0.015991756039845807
to you,810,0.019972909740179783
going to,809,0.04646093839623724
the the,806,0.016523679846024694
that i,806,0.02256648304018344
are you,803,0.03831855876465542
make sure,792,0.04444319901361879
um and,781,0.02325650557620818
i i,777,0.01886700940925405
be able,764,0.03082937051664383
is it,762,0.026611328125
you for,760,0.01452234647532537
so we,760,0.02385953911271359
for a,745,0.024876617313592104
to do,734,0.01810121906169191
that would,733,0.020525153099745532
i was,715,0.017363468813657967
you like,714,0.01364451738483264
do have,703,0.02945853209473596
to get,702,0.017313138776012805
so much,699,0.021947013638501333
i would,678,0.016466194587253857
i do,670,0.016272189349112426
for your,669,0.022342270241429905
so that,668,0.02097507446308199
okay okay,665,0.022659227000544367
do that,652,0.02732446229810026
you so,650,0.012423189954581887
is the,647,0.022600446428571428
is a,644,0.022495814732142856
can do,638,0.02377320584843186
all the,628,0.030545843045843044
kind of,619,0.03679306866061361
to your,616,0.015195173008250216
but i,612,0.029112841945288754
go ahead,611,0.03239466440821512
a little,609,0.01712905762102662
yes yes,609,0.027279638656589597
for that,608,0.02030812324929972
like a,602,0.026815493396184463
i am,600,0.014574643515374915
uh i,600,0.019867768595041323
you need,599,0.011449944658600816
there is,597,0.028806782600317934
i know,597,0.014501891551071878
to go,597,0.014727250338628248
just to,592,0.024589484159893846
that we,576,0.01613489555661195
no problem,563,0.028453233780647767
it's a,562,0.02587672932849198
anything else,562,0.0322248297178181
get a,562,0.028193700235364817
um you,557,0.016594795539033456
have the,552,0.020315197825208478
be a,551,0.02224550656887241
so if,550,0.01727543502116319
you would,548,0.010476699362619748
to make,547,0.013495874892254648
you just,547,0.01045761612152208
the same,545,0.011179590081697005
i want,537,0.013046852265011155
i help,532,0.012925598991172762
of your,530,0.01987572989968558
hundred and,527,0.029558304876000672
and we,523,0.0132156368221942
for me,523,0.017473656129118314
it will,520,0.017754302266144148
so the,519,0.016303495845743848
give me,514,0.02932634815784978
um we,510,0.015197026022304832
i see,506,0.012295081967213115
yeah yeah,505,0.021293607709464292
on your,501,0.022131111405016973
you with,496,0.00948437082554101
with you,495,0.022530093118328414
in your,493,0.019545778270159058
do i,493,0.020671185873294837
to know,492,0.012141361901243689
to have,491,0.012116734392316217
me to,489,0.02263070386107519
um the,486,0.014483271375464684
a bit,482,0.013562843985173536
a lot,482,0.013562843985173536
it to,480,0.016391208042255922
that sounds,480,0.013450406867816896
we will,478,0.018094590510728318
how can,477,0.025262935362824375
uh the,476,0.015768595041322313
a few,475,0.013366281028866674
what i,475,0.023228577005660746
then you,472,0.023721163490471413
tell me,472,0.02783826731799188
could you,469,0.025901025019287996
me just,468,0.021660816552743396
and uh,467,0.01180327868852459
you don't,466,0.00891187359261097
so um,463,0.014547734754663741
when you,461,0.02604430914933198
at all,459,0.022321428571428572
for calling,456,0.015239429104975324
give you,455,0.025966630601901942
to pay,455,0.011230144070927225
up to,451,0.023812032451796437
you a,451,0.008625624976145949
ahead and,450,0.026692708333333332
and um,446,0.011273644388398486
have any,445,0.01638440909591859
one of,442,0.020833333333333332
it was,441,0.0150621911739649
you do,439,0.008396626082973932
that will,438,0.012275943066469059
like that,437,0.01947792057633299
you could,435,0.00832029311858326
should be,435,0.025237323454503358
and a,434,0.010970996216897856
right now,432,0.021705348639029527
you guys,430,0.00822487691309492
sort of,427,0.02568873416961767
may i,425,0.02503378973967209
and if,423,0.010693568726355612
how much,420,0.022250409597801384
you to,416,0.007957711537727568
and and,416,0.010517023959646911
name is,415,0.024180423157405255
you today,413,0.007900461814434564
would like,413,0.01969740222666286
yeah i,409,0.017253713756680555
about the,408,0.02163906671604677
so it's,407,0.012791973663583634
you get,407,0.007785962367848555
very much,405,0.02275274602107151
and it,402,0.010163934426229508
don't have,401,0.02175206969319842
send you,400,0.0227931563690104
to see,400,0.009875631079916266
with that,399,0.018169429934135818
a good,399,0.011232168931820734
of our,399,0.014972301242701004
the next,398,0.008169700444317042
i mean,397,0.009651760597536134
in a,397,0.01574740840389333
i'm just,396,0.019718869517707245
um yeah,393,0.011717472118959108
there any,389,0.01878703213064213
so it,387,0.012164916131055024
there anything,385,0.018594344621609905
p m,384,0.023063559575870127
dot com,381,0.022727272727272728
my name,379,0.018360148813837754
wanted to,377,0.022708158116063918
okay and,377,0.012860642351660316
so what,376,0.011820034488164289
we are,375,0.014203686914475672
because i,373,0.020475199824811125
got it,373,0.02054042179261863
a look,370,0.01041783668426373
so uh,370,0.011631917228405706
and that,370,0.00935687263556116
uh you,370,0.012264462809917356
yeah so,369,0.01557042460968733
and your,368,0.009306431273644389
can help,365,0.013616577997693367
have you,363,0.013372028948238492
uh we,361,0.01196694214876033
you very,360,0.006889050036258158
which is,360,0.020774587097888014
the first,359,0.007371158295624398
can get,358,0.013356151642546226
i get,357,0.008681734406828984
a a,356,0.010024710771650005
with a,356,0.016216216216216217
it would,355,0.012131538592605214
it's not,355,0.016362549983913222
that the,349,0.009787198344565309
um but,348,0.010379182156133829
gonna be,347,0.019959850874677373
that's great,346,0.01593863396261081
um if,344,0.010260223048327138
okay i,343,0.011703864997278171
uh yes,341,0.011305785123966941
yes please,340,0.015249765216224677
sure that,339,0.018566045978266804
that for,339,0.009507564106149157
yeah that's,338,0.01426587552076758
and what,334,0.008448928121059268
from the,334,0.018207511277786838
you the,332,0.006354719285523453
have your,331,0.012196465963777966
i could,330,0.008026966728101659
me a,327,0.015148716053944208
with your,325,0.01480808539632069
and so,325,0.008221941992433797
ohh okay,324,0.01657909503647401
set up,323,0.019245619245619246
look at,321,0.018485561742924393
there are,321,0.015511344477094272
looking for,318,0.018506700701978303
i understand,314,0.007638956251818799
uh so,313,0.010380165289256199
you and,313,0.005992137704667761
the other,312,0.0064088126292512135
it in,312,0.010666212301925371
i'm not,312,0.015546615010182287
what you,311,0.015225453835643178
yes i,310,0.013908143642949778
that's a,308,0.014193192779385421
know what,308,0.01496585460357437
for this,307,0.01027077497665733
like the,306,0.013652332458753946
little bit,306,0.018123856189857724
go to,306,0.016250264662290917
a great,305,0.008592609232842862
can see,303,0.01130994456639012
your email,301,0.011499504988195873
there's a,301,0.017225644535706137
of that,299,0.011229225932025752
do it,297,0.01246966273328312
know if,296,0.014384656366542355
yes we,296,0.013282053575421492
so that's,295,0.00928045148142342
but you,295,0.01405775075987842
no no,294,0.014882453839168601
don't know,293,0.015908230074130187
it's just,293,0.01351289240244519
then we,293,0.014744232698094283
yes sir,293,0.013147891418094002
get the,292,0.01467274275126446
so i'm,290,0.009123687098291268
lot of,289,0.017365269461077845
looking at,288,0.01676625862969194
to confirm,288,0.007117350080039404
that that,288,0.008081429490226784
just a,287,0.011942278984906286
your account,287,0.010966415352981495
if it's,286,0.012171331636980491
okay um,286,0.00976456178551987
me check,284,0.013162756327360059
can be,283,0.010565869265969715
um i'm,283,0.008446096654275093
to to,281,0.0069449575175471005
okay that's,281,0.009594447468698966
else i,280,0.016532329234570806
that um,280,0.007857722099493862
did you,280,0.016613456308383588
do is,279,0.011716461628588167
to a,279,0.006895702499692156
that's fine,278,0.012815212897891691
i've got,277,0.016156215493694427
all of,277,0.0135003885003885
five hundred,277,0.015204550426602494
i got,276,0.006717431370647007
as you,276,0.01360978725495013
you you,274,0.0052478913018587075
will get,274,0.012680407617466685
um a,273,0.008148698884758365
to ask,273,0.006747937446127324
like i,272,0.012140347756481523
and it's,271,0.006860025220680958
a new,271,0.0076378748736381
i'm gonna,271,0.013510157452937963
we don't,270,0.0102372317920822
a couple,269,0.007581714028978996
the um,269,0.0055283687217182985
see if,269,0.014410760034158839
if you're,268,0.011407972858354537
you said,268,0.005133391855272699
of a,267,0.010031441832609672
we also,267,0.010123904502870958
much for,266,0.014793882978723404
um it's,266,0.007940520446096654
good to,265,0.014225359644900798
to help,264,0.006526289865780076
well i,264,0.01369296749857903
to um,263,0.006501662356852604
back to,262,0.015179499018815653
you go,262,0.005018892408686692
we've got,261,0.015682049440354343
can just,260,0.009710182670486253
and just,260,0.006582597730138714
the email,259,0.005323614324617621
as i,259,0.012774529553382794
but we,258,0.012300531914893617
got a,258,0.01422451669595782
yes ma'am,258,0.011582666249273288
email address,257,0.014411797564517931
or you,257,0.01169219613885616
the one,256,0.005262188005487418
and they,256,0.006481715006305171
if we,255,0.01085665818490246
can also,255,0.009524163845381153
on that,255,0.011285985098972799
i'm sorry,254,0.012665772612129339
but if,253,0.01206306990881459
um yes,253,0.007553903345724907
an email,252,0.013624858635360008
two hundred,252,0.012863534675615212
to check,251,0.006206132249722941
be the,251,0.010155557346659143
to come,250,0.006181504740795468
know that,250,0.012156729791252966
a m,250,0.007048186004717511
um it,249,0.007434944237918215
you tell,249,0.004770810274417007
uh and,248,0.008231404958677685
the system,248,0.005098384487806876
not a,248,0.013012803762738438
get it,246,0.012369172216936251
you please,246,0.004713560551124003
um that,245,0.0073159851301115245
uh yeah,245,0.008132231404958678
to my,244,0.006033739687230637
it for,244,0.008348952121315386
we we,244,0.009255061952251436
to send,244,0.006033739687230637
sounds good,242,0.01427061310782241
looking to,241,0.014039566049776643
and also,241,0.006103404791929382
that's all,241,0.011115704377382758
as a,240,0.011841006239866359
the uh,240,0.0049345809701263335
like me,239,0.010672833192511229
how many,239,0.012684319010623116
by the,238,0.013835822623596157
um what,238,0.0071078066914498144
that's good,238,0.010977906389233384
think i,237,0.013240611961057023
depending on,237,0.01447336414497689
don't want,236,0.01282398138628862
how long,235,0.012472913693779399
take a,235,0.013388551653713054
to me,235,0.005812092106883389
uh for,235,0.007801652892561984
what is,235,0.011516689439781378
they are,234,0.01256751697951762
um is,234,0.006988847583643123
any other,234,0.012468166383701188
in that,234,0.009298092901796312
hundred dollars,234,0.013155684935341208
so just,233,0.007336573130584731
the best,232,0.004770777452445791
a hundred,232,0.006542738402785578
i said,232,0.005650402560869143
you should,231,0.004427311934658983
okay thank,231,0.007893304300489928
couple of,230,0.013990672884743505
have that,228,0.008412622607545646
we would,228,0.008650649743124812
a problem,228,0.006430416713467371
and i'm,227,0.00575031525851198
um okay,226,0.00675092936802974
to hear,226,0.005590444526536141
just have,225,0.009371371703433405
bit of,225,0.01327225745830397
on a,225,0.009963408720186924
if it,225,0.009584393553859203
does that,224,0.013129485907685126
the phone,224,0.004606973934765249
about that,223,0.01185122480292048
uh uh,223,0.0074049586776859504
you um,222,0.00425556276477997
we could,222,0.008423995164702327
what about,222,0.010882295529962912
it's it's,222,0.010249574849473732
or is,222,0.010106045499864044
but it,222,0.01059080547112462
i can't,221,0.005383645358424677
might be,221,0.013166478856532828
into the,221,0.013088079235939158
uh a,221,0.007338842975206612
it up,221,0.007565172942579656
good afternoon,221,0.011872292635969837
and do,220,0.005573770491803279
um just,219,0.0065427509293680295
the way,219,0.00450459673621491
uh that,219,0.007272727272727273
the last,218,0.004484121296504842
you too,217,0.00416014655929163
i'd like,217,0.013019589106545628
your name,216,0.008262889345822862
also have,216,0.011686772942697113
so for,216,0.006803574227935413
or the,216,0.009834133961751111
in case,215,0.008546332199097888
with us,215,0.009811492164433342
gmail dot,215,0.013161903601243068
have um,214,0.007898313801844165
ohh yeah,214,0.01096770902412896
through the,213,0.012456344586728754
just need,213,0.008873776745728977
see that,213,0.011421861656703673
the price,212,0.004361268658244436
the moment,211,0.004340793218534368
be great,211,0.008543564117030708
what's the,210,0.012594007401217619
the new,210,0.0043203177788243
it it,209,0.007156244675413188
um for,209,0.006245353159851301
we go,209,0.007932910244786946
to uh,209,0.005171776874769117
for my,209,0.0070028011204481795
um do,208,0.006215613382899628
i ask,208,0.005068386846444854
that's the,208,0.009599926507739654
what we,207,0.010150302557095451
have it,207,0.007641159398993424
trying to,207,0.012669793506730828
ohh that's,207,0.010610620823343365
assist you,207,0.012643608291289283
that it,207,0.005816392159055955
okay yeah,206,0.007042732716385411
the package,206,0.004238416019984029
if the,206,0.008778625954198474
it just,204,0.006985857897427159
then i,204,0.010280842527582748
at least,203,0.009899068322981366
that are,202,0.005676575039847879
the time,202,0.004156514261143758
if there's,202,0.008608990670059373
let's see,202,0.012010412968879423
so yeah,201,0.006333281078538956
me see,200,0.009283207094032884
you'll be,199,0.01172882946281961
that in,199,0.005592684768323033
i'll just,198,0.010994475138121547
before the,198,0.011377279743868275
that one,198,0.005564721344481418
okay perfect,198,0.006770549809471965
to take,198,0.004900874276566925
and fifty,197,0.0049936948297604035
on my,197,0.008729004099986774
one two,196,0.009264484574868321
it does,196,0.006713239052649514
okay ma'am,196,0.006702504082743603
you in,195,0.0037403152551429334
the day,195,0.004013186183173284
bye bye,195,0.011435906412276096
no i,194,0.00983755423267077
that and,194,0.005452867649114957
can go,194,0.007254734179098925
could i,194,0.010746169954810978
on our,193,0.008552660582815324
