ngram,count
be able to,753
thank you for,642
would you like,571
thank you so,571
you so much,567
do you have,566
that would be,546
i need to,545
i help you,494
how can i,463
we do have,444
you want to,423
go ahead and,422
let me just,421
you have a,400
can i help,394
you for calling,364
is there anything,363
help you with,355
i want to,354
thank you very,352
my name is,351
you very much,348
there anything else,331
we have a,299
to make sure,295
can help you,294
a little bit,293
make sure that,290
if you want,290
i can help,288
so you can,285
you have any,285
let me check,283
would like to,279
have a look,274
so if you,272
a lot of,272
if you have,271
is there any,267
i don't know,265
anything else i,264
help you today,262
i have to,257
so i can,254
that will be,253
else i can,249
and then you,248
you have to,248
going to be,240
you like to,235
we can do,230
you tell me,228
i can see,226
like me to,225
have to pay,224
that you have,220
and you can,220
okay thank you,219
it will be,218
you need to,217
it would be,214
gmail dot com,212
i think i,212
that for you,207
i would like,207
do have a,203
i can do,201
and if you,200
let me see,200
you like me,198
that i can,198
you will get,195
a couple of,194
have a great,193
so much for,190
at the moment,189
that you can,189
um you know,185
you know what,183
you can do,183
how may i,182
i have a,181
do you know,180
give me a,180
i'd like to,180
as long as,172
at gmail dot,170
as soon as,169
do you want,169
then you can,168
if you can,168
in terms of,165
there is a,165
do i need,165
hundred and fifty,164
have a good,164
you don't have,163
give you a,161
can i just,161
just to confirm,160
good to know,160
um do you,159
so we have,159
you would like,159
i wanted to,158
you can just,157
if you are,157
and then we,157
can you tell,156
a great day,154
to do that,153
don't have to,150
if you could,149
okay let me,148
a bit of,146
i have your,144
just need to,143
yes of course,142
um if you,141
can do that,141
not a problem,141
is that correct,140
i don't want,140
so we can,140
you can also,140
is there a,140
as well as,139
one of our,138
i'm going to,138
yes we do,137
there we go,136
problem at all,135
but if you,135
may i help,133
the end of,133
um i think,133
what kind of,133
let me know,133
to help you,132
we also have,132
just in case,131
that sounds good,130
do you guys,128
you can get,128
don't want to,128
send you a,127
for you to,126
do you need,126
are you looking,125
if you don't,125
to have a,125
i think that,125
or you can,125
your email address,124
um let me,124
you with today,124
it looks like,123
a look at,123
yes yes yes,123
just want to,122
you know the,122
that we can,121
you know i,121
or is it,120
if you need,120
um and then,119
would have to,118
if i can,118
could you please,118
i do have,116
one of the,115
you will receive,114
i was just,114
what i can,114
me just check,113
i can get,113
a good day,113
i just want,113
no problem at,112
would be great,112
what is the,112
if you do,110
you know if,110
to hear that,110
so let me,110
and then the,110
uh let me,109
can you please,109
and you know,108
uh do you,108
a hundred and,108
um can i,108
so just to,107
for your help,107
so i think,106
you have the,106
it is a,106
and i will,106
do i have,105
and do you,104
that we have,104
you if you,104
to be able,103
and we can,103
i assist you,103
like i said,102
just give me,102
i just need,102
you will be,101
there will be,101
much for your,101
um is there,101
can i have,101
it should be,101
we have the,101
to see if,100
i will send,99
go to the,99
are there any,98
that's good to,98
can give you,98
need to do,98
give us a,97
send you the,97
i think that's,96
um i can,96
can i ask,96
want to know,96
you with that,95
anything like that,95
would that be,95
for me to,95
have to be,95
so you know,95
just have a,94
can i get,94
able to get,94
sorry to hear,93
um you can,93
to go ahead,93
i'm not sure,92
i think it's,92
i can send,92
you give me,92
okay so i,91
i don't think,91
that should be,90
to get a,90
you'd like to,89
so we do,89
i know that,89
would be the,88
would be a,88
want to make,88
that i have,88
as i said,88
we have to,88
i don't have,88
we do offer,88
um we have,87
you wanted to,87
just have to,87
i i i,87
you can go,87
date of birth,86
or do you,86
we need to,86
give me one,86
one two three,86
and i can,86
so i just,86
assist you today,86
make sure you,86
and you will,85
don't know if,85
for you and,85
you can use,85
to be honest,85
we can get,85
if you'd like,84
just wanted to,84
know if you,84
would you be,84
within the next,84
yeah yeah yeah,84
be happy to,83
us a call,83
to be a,83
that makes sense,83
that you are,83
if you would,83
will send you,83
and we have,82
uh if you,82
some of the,82
anything else that,82
look forward to,82
you're very welcome,82
we don't have,82
or would you,81
the the the,81
so that i,81
two hundred and,81
you'll be able,81
you do have,80
to go to,80
bit of a,79
you know you,79
will be able,79
depending on the,79
will be a,79
need to be,79
so i have,79
as far as,79
can do is,79
happy to help,78
may i ask,78
and then i,78
that you would,78
by the way,78
no no no,78
so can i,78
if there is,78
you're looking for,77
do for you,77
and what about,77
this is a,76
what do you,76
back to you,76
to pay for,76
is that okay,76
uh thank you,76
want me to,76
that is the,75
to set up,75
um we do,75
need to know,75
take a look,75
so do you,74
have any other,74
um we can,74
it to you,74
so i will,74
and i just,74
um can you,74
um would you,74
a confirmation email,74
do that for,74
for you now,74
have to do,74
if there's any,74
thanks so much,74
okay that sounds,74
part of the,74
but you know,74
it's going to,74
this is the,74
uh yes sir,74
give you the,73
let you know,73
any other questions,73
i just wanted,73
need to pay,73
would it be,73
would be able,73
i just wanna,73
very much for,73
look at the,73
how do i,73
over the phone,72
have to go,72
we have um,72
two three four,72
ten a m,72
you can you,72
or anything like,71
can send you,71
i will be,71
can see that,71
first of all,71
you can have,71
just make sure,71
if you if,71
you looking for,71
uh you can,71
all right so,71
in the system,71
you for your,70
it could be,70
looking for a,70
so that would,70
pick it up,70
and have a,70
you would have,70
and make sure,70
your checking account,70
or do i,70
i do apologize,70
there is no,69
it's gonna be,69
end of the,69
you know we,69
you can check,69
you want me,69
so i'm just,69
so you have,69
um so i,68
to do is,68
you should be,68
you guys have,68
can do it,68
in the morning,68
could you tell,68
i can assist,68
assist you with,68
uh you know,68
can you just,68
send it to,68
all the details,68
you know how,67
don't need to,67
and can i,67
in the next,67
you get a,67
yes we have,67
uh can you,67
i really appreciate,67
i see that,67
sure that you,66
how does that,66
look for you,66
you and your,66
have a few,66
what we can,66
is going to,66
and a half,66
i think it,66
i can just,66
to do it,65
something like that,65
need to get,65
able to do,65
three hundred and,65
please give me,65
just to make,65
little bit of,65
you would be,65
tell me what,65
and all that,65
on our website,65
let me have,64
can do for,64
will have to,64
have a nice,64
yes you can,64
that sounds great,64
i can give,64
um so you,64
to get the,64
want to go,64
to worry about,64
take care of,64
you looking to,63
it might be,63
uh we have,63
feel free to,63
you know that,63
on the phone,63
to give you,63
i hope you,63
you will have,63
so that you,63
and i was,63
want to be,63
in order to,63
you're going to,63
can go ahead,63
at the end,63
you'll get a,63
yeah of course,63
please tell me,63
should be able,63
would you prefer,63
okay no problem,62
it can be,62
wanted to ask,62
go with the,62
that you know,62
have a lovely,62
will get a,62
and see if,62
i will do,62
so you don't,62
okay okay okay,62
and thank you,62
or are you,61
but we do,61
uh can i,61
if i could,61
